,no_of_dependents,income_annum,requested_loan_amount,loan_term,cibil_score,residential_assets_value,commercial_assets_value,luxury_assets_value,bank_asset_value,loan_amount
no_of_dependents,1.0,-0.018444707972362046,-0.007233317242019586,0.03771833588257342,-0.004562448038252991,0.011078707321159705,0.038201999610482824,-0.00036352194660861826,0.003420127230068327,0.0036912152511109275
income_annum,-0.018444707972362046,1.0,-0.015016649709084303,0.0034364818772925133,0.02820437499843321,-0.01499906030783907,-0.011224123784001977,-0.0031245005234779646,-0.018134025077784503,0.13228991978169152
requested_loan_amount,-0.007233317242019586,-0.015016649709084303,1.0,-0.0014187587088534434,0.014833827054163588,-0.008958378289212627,-0.0049587538009983724,-0.00228245777318234,0.0014813965510768632,0.13432329246847052
loan_term,0.03771833588257342,0.0034364818772925133,-0.0014187587088534434,1.0,0.007806770946094698,0.006600479585046758,0.0073276329982745,-0.003000667651942969,0.010297003178672577,0.0003044416379075999
cibil_score,-0.004562448038252991,0.02820437499843321,0.014833827054163588,0.007806770946094698,1.0,0.0010254190450369187,0.010685956128675896,0.0006929289345167722,-0.0011385389774773906,0.551001693765658
residential_assets_value,0.011078707321159705,-0.01499906030783907,-0.008958378289212627,0.006600479585046758,0.0010254190450369187,1.0,0.004656596591676787,0.005034605433730153,-0.003014648560660408,0.0005464442089933947
commercial_assets_value,0.038201999610482824,-0.011224123784001977,-0.0049587538009983724,0.0073276329982745,0.010685956128675896,0.004656596591676787,1.0,0.02364461923493061,-0.014839017151080975,-0.002332215624261588
luxury_assets_value,-0.00036352194660861826,-0.0031245005234779646,-0.00228245777318234,-0.003000667651942969,0.0006929289345167722,0.005034605433730153,0.02364461923493061,1.0,-0.004736985877320159,0.010510952532473373
bank_asset_value,0.003420127230068327,-0.018134025077784503,0.0014813965510768632,0.010297003178672577,-0.0011385389774773906,-0.003014648560660408,-0.014839017151080975,-0.004736985877320159,1.0,0.020177255939648545
loan_amount,0.0036912152511109275,0.13228991978169152,0.13432329246847052,0.0003044416379075999,0.551001693765658,0.0005464442089933947,-0.002332215624261588,0.010510952532473373,0.020177255939648545,1.0
